{
    "camera_matrix": [
        [
            1777.7370166036437,
            0.0,
            960.7690148218612
        ],
        [
            0.0,
            1788.6040890711129,
            537.8917225627447
        ],
        [
            0.0,
            0.0,
            1.0
        ]
    ],
    "distortion_coefficients": [
        [
            -0.4203946837393733,
            -0.17698979100825626,
            0.008092212994865289,
            0.0016028827670669548,
            0.3964730791711725
        ]
    ]
}