{
    "camera_matrix": [
        [
            1602.8367146461617,
            0.0,
            1792.0415979537281
        ],
        [
            0.0,
            1609.4372218997228,
            1370.0804022168734
        ],
        [
            0.0,
            0.0,
            1.0
        ]
    ],
    "distortion_coefficients": [
        [
            -0.2826388512348418,
            0.1311128280873084,
            0.002305064006405245,
            0.000478166373733898,
            -0.03889347063628511
        ]
    ]
}